"Status","Start Time","Stop Time","Duration in ms","Parent Suite","Suite","Sub Suite","Test Class","Test Method","Name","Description"
"passed","Tue Mar 26 01:05:17 GMT 2024","Tue Mar 26 01:05:17 GMT 2024","3","","Testes de Registro de Restaurante","","com.techchallenge.restaurant.api.findfood.service.RestauranteServiceTest$registrarRestaurante","deveLancarExcecaoAoSalvarRestauranteComNomeVazio","deveLancarExcecaoAoSalvarRestauranteComNomeVazio()",""
"passed","Tue Mar 26 01:05:17 GMT 2024","Tue Mar 26 01:05:17 GMT 2024","4","","Testes de Busca de Restaurante","","com.techchallenge.restaurant.api.findfood.service.RestauranteServiceTest$buscarRestaurante","devePermitirBuscarTodosRestaurantes","devePermitirBuscarTodosRestaurantes()",""
"passed","Tue Mar 26 01:05:16 GMT 2024","Tue Mar 26 01:05:16 GMT 2024","4","","com.techchallenge.restaurant.api.findfood.service.ReservaServiceTest","","com.techchallenge.restaurant.api.findfood.service.ReservaServiceTest","deveRemoverReservaComSucesso","deveRemoverReservaComSucesso()",""
"passed","Tue Mar 26 01:05:26 GMT 2024","Tue Mar 26 01:05:26 GMT 2024","41","","com.techchallenge.restaurant.api.findfood.controller.ReservaControllerIntegrationTest.findAll","","com.techchallenge.restaurant.api.findfood.controller.ReservaControllerIntegrationTest$findAll","deveLancarExceptionAoMandarRestauranteInexistente","deveLancarExceptionAoMandarRestauranteInexistente()",""
"passed","Tue Mar 26 01:05:26 GMT 2024","Tue Mar 26 01:05:26 GMT 2024","32","","com.techchallenge.restaurant.api.findfood.controller.ReservaControllerIntegrationTest.findById","","com.techchallenge.restaurant.api.findfood.controller.ReservaControllerIntegrationTest$findById","deveRetornarReservaComSucesso","deveRetornarReservaComSucesso()",""
"passed","Tue Mar 26 01:05:18 GMT 2024","Tue Mar 26 01:05:18 GMT 2024","8","","Testes de Busca de Restaurante","","com.techchallenge.restaurant.api.findfood.controller.RestauranteControllerTest$buscarRestaurante","devePermitirBuscarTodosRestaurantes","devePermitirBuscarTodosRestaurantes()",""
"passed","Tue Mar 26 01:05:17 GMT 2024","Tue Mar 26 01:05:17 GMT 2024","4","","Testes de Busca de Restaurante","","com.techchallenge.restaurant.api.findfood.service.RestauranteServiceTest$buscarRestaurante","deveLancarExcecaoAoBuscarNomeRestauranteInexistente","deveLancarExcecaoAoBuscarNomeRestauranteInexistente()",""
"passed","Tue Mar 26 01:05:13 GMT 2024","Tue Mar 26 01:05:14 GMT 2024","720","","Testes de Busca de Restaurante","","com.techchallenge.restaurant.api.findfood.service.RestauranteServiceIntegrationTest$buscarRestaurante","devePermitirBuscarRestaurantePorNome","devePermitirBuscarRestaurantePorNome()",""
"passed","Tue Mar 26 01:05:14 GMT 2024","Tue Mar 26 01:05:14 GMT 2024","15","","Testes de Busca de Restaurante","","com.techchallenge.restaurant.api.findfood.service.RestauranteServiceIntegrationTest$buscarRestaurante","deveLancarExcecaoAoBuscarTipoCozinhaRestauranteInexistente","deveLancarExcecaoAoBuscarTipoCozinhaRestauranteInexistente()",""
"passed","Tue Mar 26 01:05:16 GMT 2024","Tue Mar 26 01:05:16 GMT 2024","4","","Testes de Busca de Restaurante","","com.techchallenge.restaurant.api.findfood.service.RestauranteServiceTest$buscarRestaurante","devePermitirBuscarRestaurantePorTipoCozinha","devePermitirBuscarRestaurantePorTipoCozinha()",""
"passed","Tue Mar 26 01:05:27 GMT 2024","Tue Mar 26 01:05:27 GMT 2024","14","","com.techchallenge.restaurant.api.findfood.controller.ReservaControllerTest","","com.techchallenge.restaurant.api.findfood.controller.ReservaControllerTest","deveReservarMesaComSucesso","deveReservarMesaComSucesso()",""
"passed","Tue Mar 26 01:05:26 GMT 2024","Tue Mar 26 01:05:26 GMT 2024","90","","com.techchallenge.restaurant.api.findfood.controller.ReservaControllerIntegrationTest.reservarMesa","","com.techchallenge.restaurant.api.findfood.controller.ReservaControllerIntegrationTest$reservarMesa","deveLancarExceptionAoTentarReservarEmRestauranteQueNaoPossuiMesasDisponiveis","deveLancarExceptionAoTentarReservarEmRestauranteQueNaoPossuiMesasDisponiveis()",""
"passed","Tue Mar 26 01:05:25 GMT 2024","Tue Mar 26 01:05:25 GMT 2024","18","","com.techchallenge.restaurant.api.findfood.controller.AvaliacaoControllerTest","","com.techchallenge.restaurant.api.findfood.controller.AvaliacaoControllerTest","deveRegistrarAvaliacaoComSucesso","deveRegistrarAvaliacaoComSucesso()",""
"passed","Tue Mar 26 01:05:27 GMT 2024","Tue Mar 26 01:05:27 GMT 2024","2","","com.techchallenge.restaurant.api.findfood.FindFoodApplicationTest","","com.techchallenge.restaurant.api.findfood.FindFoodApplicationTest","contextLoads","contextLoads()",""
"passed","Tue Mar 26 01:05:16 GMT 2024","Tue Mar 26 01:05:16 GMT 2024","6","","com.techchallenge.restaurant.api.findfood.service.AvaliacaoServiceTest.registrarAvaliacao","","com.techchallenge.restaurant.api.findfood.service.AvaliacaoServiceTest$registrarAvaliacao","deveLancarExceptionAoTentarRegistrarAvaliacaoComPontuacaoAcimaDe5","deveLancarExceptionAoTentarRegistrarAvaliacaoComPontuacaoAcimaDe5()",""
"passed","Tue Mar 26 01:05:18 GMT 2024","Tue Mar 26 01:05:18 GMT 2024","10","","Testes de Exclusão de Restaurante","","com.techchallenge.restaurant.api.findfood.controller.RestauranteControllerTest$deletarRestaurante","devePermitirDeletarRestaurantes","devePermitirDeletarRestaurantes()",""
"passed","Tue Mar 26 01:05:15 GMT 2024","Tue Mar 26 01:05:15 GMT 2024","133","","com.techchallenge.restaurant.api.findfood.service.ReservaServiceIntegrationTest","","com.techchallenge.restaurant.api.findfood.service.ReservaServiceIntegrationTest","deveReservarComSucesso","deveReservarComSucesso()",""
"passed","Tue Mar 26 01:05:14 GMT 2024","Tue Mar 26 01:05:14 GMT 2024","16","","Testes de Busca de Restaurante","","com.techchallenge.restaurant.api.findfood.service.RestauranteServiceIntegrationTest$buscarRestaurante","deveLancarExcecaoAoBuscarLocalizacaoRestauranteInexistente","deveLancarExcecaoAoBuscarLocalizacaoRestauranteInexistente()",""
"passed","Tue Mar 26 01:05:27 GMT 2024","Tue Mar 26 01:05:27 GMT 2024","4","","com.techchallenge.restaurant.api.findfood.controller.ReservaControllerTest","","com.techchallenge.restaurant.api.findfood.controller.ReservaControllerTest","deveRetornarTodasAsReservasParaUmRestauranteComSucesso","deveRetornarTodasAsReservasParaUmRestauranteComSucesso()",""
"passed","Tue Mar 26 01:05:25 GMT 2024","Tue Mar 26 01:05:25 GMT 2024","43","","com.techchallenge.restaurant.api.findfood.controller.AvaliacaoControllerIntegrationTest.findAll","","com.techchallenge.restaurant.api.findfood.controller.AvaliacaoControllerIntegrationTest$findAll","deveRetornarTodasAsAvaliacoesComSucesso","deveRetornarTodasAsAvaliacoesComSucesso()",""
"passed","Tue Mar 26 01:05:16 GMT 2024","Tue Mar 26 01:05:16 GMT 2024","4","","com.techchallenge.restaurant.api.findfood.service.ReservaServiceTest","","com.techchallenge.restaurant.api.findfood.service.ReservaServiceTest","deveBuscarTodasAsReservasPorRestauranteComSucesso","deveBuscarTodasAsReservasPorRestauranteComSucesso()",""
"passed","Tue Mar 26 01:05:15 GMT 2024","Tue Mar 26 01:05:15 GMT 2024","92","","com.techchallenge.restaurant.api.findfood.service.ReservaServiceIntegrationTest","","com.techchallenge.restaurant.api.findfood.service.ReservaServiceIntegrationTest","deveBuscarReservaPeloIdComSucesso","deveBuscarReservaPeloIdComSucesso()",""
"passed","Tue Mar 26 01:05:17 GMT 2024","Tue Mar 26 01:05:17 GMT 2024","3","","Testes de Busca de Restaurante","","com.techchallenge.restaurant.api.findfood.service.RestauranteServiceTest$buscarRestaurante","deveLancarExcecaoAoBuscarTodosRestaurantes","deveLancarExcecaoAoBuscarTodosRestaurantes()",""
"passed","Tue Mar 26 01:05:16 GMT 2024","Tue Mar 26 01:05:16 GMT 2024","19","","com.techchallenge.restaurant.api.findfood.service.AvaliacaoServiceIntegrationTest.registrarAvaliacao","","com.techchallenge.restaurant.api.findfood.service.AvaliacaoServiceIntegrationTest$registrarAvaliacao","deveLancarExceptionAoTentarRegistrarAvaliacaoComPontuacaoAbaixoDe0","deveLancarExceptionAoTentarRegistrarAvaliacaoComPontuacaoAbaixoDe0()",""
"passed","Tue Mar 26 01:05:14 GMT 2024","Tue Mar 26 01:05:14 GMT 2024","16","","Testes de Busca de Restaurante","","com.techchallenge.restaurant.api.findfood.service.RestauranteServiceIntegrationTest$buscarRestaurante","deveLancarExcecaoAoBuscarNomeRestauranteInexistente","deveLancarExcecaoAoBuscarNomeRestauranteInexistente()",""
"passed","Tue Mar 26 01:05:15 GMT 2024","Tue Mar 26 01:05:16 GMT 2024","88","","com.techchallenge.restaurant.api.findfood.service.AvaliacaoServiceIntegrationTest.registrarAvaliacao","","com.techchallenge.restaurant.api.findfood.service.AvaliacaoServiceIntegrationTest$registrarAvaliacao","deveRegistrarAvaliacaoComSucesso","deveRegistrarAvaliacaoComSucesso()",""
"passed","Tue Mar 26 01:05:15 GMT 2024","Tue Mar 26 01:05:15 GMT 2024","19","","com.techchallenge.restaurant.api.findfood.service.ReservaServiceIntegrationTest","","com.techchallenge.restaurant.api.findfood.service.ReservaServiceIntegrationTest","deveLancarExceptionAoTentarReservarMesaEmRestauranteQueNaoExiste","deveLancarExceptionAoTentarReservarMesaEmRestauranteQueNaoExiste()",""
"passed","Tue Mar 26 01:05:14 GMT 2024","Tue Mar 26 01:05:14 GMT 2024","40","","Testes de Busca de Restaurante","","com.techchallenge.restaurant.api.findfood.service.RestauranteServiceIntegrationTest$buscarRestaurante","devePermitirBuscarRestaurantesPorId","devePermitirBuscarRestaurantesPorId()",""
"passed","Tue Mar 26 01:05:16 GMT 2024","Tue Mar 26 01:05:16 GMT 2024","11","","com.techchallenge.restaurant.api.findfood.service.AvaliacaoServiceTest.findAll","","com.techchallenge.restaurant.api.findfood.service.AvaliacaoServiceTest$findAll","deveRetornarTodasAsAvaliacoesComSucesso","deveRetornarTodasAsAvaliacoesComSucesso()",""
"passed","Tue Mar 26 01:05:15 GMT 2024","Tue Mar 26 01:05:15 GMT 2024","48","","com.techchallenge.restaurant.api.findfood.service.ReservaServiceIntegrationTest","","com.techchallenge.restaurant.api.findfood.service.ReservaServiceIntegrationTest","deveLancarExceptionAoTentarReservarMesaComRestauranteSemLugaresDisponiveis","deveLancarExceptionAoTentarReservarMesaComRestauranteSemLugaresDisponiveis()",""
"passed","Tue Mar 26 01:05:24 GMT 2024","Tue Mar 26 01:05:24 GMT 2024","61","","Testes de Busca de Restaurante","","com.techchallenge.restaurant.api.findfood.controller.RestauranteControllerIntegrationTest$buscarRestaurante","deveLancarExcecaoAoBuscarTipoCozinhaRestauranteInexistente","deveLancarExcecaoAoBuscarTipoCozinhaRestauranteInexistente()",""
"passed","Tue Mar 26 01:05:17 GMT 2024","Tue Mar 26 01:05:17 GMT 2024","2","","Testes de Exclusão de Restaurante","","com.techchallenge.restaurant.api.findfood.service.RestauranteServiceTest$deletarRestaurante","deveLancarExcecaoAoDeletarRestauranteInexistente","deveLancarExcecaoAoDeletarRestauranteInexistente()",""
"passed","Tue Mar 26 01:05:25 GMT 2024","Tue Mar 26 01:05:25 GMT 2024","46","","com.techchallenge.restaurant.api.findfood.controller.AvaliacaoControllerTest","","com.techchallenge.restaurant.api.findfood.controller.AvaliacaoControllerTest","deveRetornarTodasAsAvaliacoesComSucesso","deveRetornarTodasAsAvaliacoesComSucesso()",""
"passed","Tue Mar 26 01:05:16 GMT 2024","Tue Mar 26 01:05:16 GMT 2024","25","","com.techchallenge.restaurant.api.findfood.service.AvaliacaoServiceTest.registrarAvaliacao","","com.techchallenge.restaurant.api.findfood.service.AvaliacaoServiceTest$registrarAvaliacao","deveRegistrarAvaliacaoComSucesso","deveRegistrarAvaliacaoComSucesso()",""
"passed","Tue Mar 26 01:05:18 GMT 2024","Tue Mar 26 01:05:18 GMT 2024","11","","Testes de Registro de Restaurante","","com.techchallenge.restaurant.api.findfood.controller.RestauranteControllerTest$registrarRestaurante","devePermitirRegistrarRestaurante","devePermitirRegistrarRestaurante()",""
"passed","Tue Mar 26 01:05:16 GMT 2024","Tue Mar 26 01:05:16 GMT 2024","3","","Testes de Busca de Restaurante","","com.techchallenge.restaurant.api.findfood.service.RestauranteServiceTest$buscarRestaurante","devePermitirBuscarRestaurantesPorId","devePermitirBuscarRestaurantesPorId()",""
"passed","Tue Mar 26 01:05:26 GMT 2024","Tue Mar 26 01:05:26 GMT 2024","26","","com.techchallenge.restaurant.api.findfood.controller.ReservaControllerIntegrationTest.findById","","com.techchallenge.restaurant.api.findfood.controller.ReservaControllerIntegrationTest$findById","deveLancarExceptionAoNaoEncontrarReservar","deveLancarExceptionAoNaoEncontrarReservar()",""
"passed","Tue Mar 26 01:05:15 GMT 2024","Tue Mar 26 01:05:15 GMT 2024","21","","com.techchallenge.restaurant.api.findfood.service.ReservaServiceIntegrationTest","","com.techchallenge.restaurant.api.findfood.service.ReservaServiceIntegrationTest","deveLancarExceptionAoBuscarReservaPeloIdNaoEncontrado","deveLancarExceptionAoBuscarReservaPeloIdNaoEncontrado()",""
"passed","Tue Mar 26 01:05:14 GMT 2024","Tue Mar 26 01:05:14 GMT 2024","24","","Testes de Exclusão de Restaurante","","com.techchallenge.restaurant.api.findfood.service.RestauranteServiceIntegrationTest$deletarRestaurante","deveLancarExcecaoAoDeletarRestauranteInexistente","deveLancarExcecaoAoDeletarRestauranteInexistente()",""
"passed","Tue Mar 26 01:05:16 GMT 2024","Tue Mar 26 01:05:16 GMT 2024","5","","com.techchallenge.restaurant.api.findfood.service.ReservaServiceTest","","com.techchallenge.restaurant.api.findfood.service.ReservaServiceTest","deveBuscarReservaPeloIdComSucesso","deveBuscarReservaPeloIdComSucesso()",""
"passed","Tue Mar 26 01:05:17 GMT 2024","Tue Mar 26 01:05:17 GMT 2024","6","","Testes de Registro de Restaurante","","com.techchallenge.restaurant.api.findfood.service.RestauranteServiceTest$registrarRestaurante","devePermitirRegistrarRestaurante","devePermitirRegistrarRestaurante()",""
"passed","Tue Mar 26 01:05:27 GMT 2024","Tue Mar 26 01:05:27 GMT 2024","3","","com.techchallenge.restaurant.api.findfood.controller.ReservaControllerTest","","com.techchallenge.restaurant.api.findfood.controller.ReservaControllerTest","deveRetornarUmaReservaComSucesso","deveRetornarUmaReservaComSucesso()",""
"passed","Tue Mar 26 01:05:17 GMT 2024","Tue Mar 26 01:05:17 GMT 2024","4","","Testes de Busca de Restaurante","","com.techchallenge.restaurant.api.findfood.service.RestauranteServiceTest$buscarRestaurante","deveLancarExcecaoAoBuscarLocalizacaoRestauranteInexistente","deveLancarExcecaoAoBuscarLocalizacaoRestauranteInexistente()",""
"passed","Tue Mar 26 01:05:16 GMT 2024","Tue Mar 26 01:05:16 GMT 2024","18","","com.techchallenge.restaurant.api.findfood.service.AvaliacaoServiceIntegrationTest.registrarAvaliacao","","com.techchallenge.restaurant.api.findfood.service.AvaliacaoServiceIntegrationTest$registrarAvaliacao","deveLancarExceptionAoTentarRegistrarAvaliacaoComRestauranteNaoEncontrado","deveLancarExceptionAoTentarRegistrarAvaliacaoComRestauranteNaoEncontrado()",""
"passed","Tue Mar 26 01:05:14 GMT 2024","Tue Mar 26 01:05:14 GMT 2024","34","","Testes de Busca de Restaurante","","com.techchallenge.restaurant.api.findfood.service.RestauranteServiceIntegrationTest$buscarRestaurante","devePermitirBuscarRestaurantePorTipoCozinha","devePermitirBuscarRestaurantePorTipoCozinha()",""
"passed","Tue Mar 26 01:05:16 GMT 2024","Tue Mar 26 01:05:16 GMT 2024","5","","com.techchallenge.restaurant.api.findfood.service.ReservaServiceTest","","com.techchallenge.restaurant.api.findfood.service.ReservaServiceTest","deveReservarMesaComRestauranteComSucesso","deveReservarMesaComRestauranteComSucesso()",""
"passed","Tue Mar 26 01:05:25 GMT 2024","Tue Mar 26 01:05:25 GMT 2024","64","","com.techchallenge.restaurant.api.findfood.controller.AvaliacaoControllerIntegrationTest.registrarAvaliacao","","com.techchallenge.restaurant.api.findfood.controller.AvaliacaoControllerIntegrationTest$registrarAvaliacao","deveRegistrarAvaliacaoComSucesso","deveRegistrarAvaliacaoComSucesso()",""
"passed","Tue Mar 26 01:05:16 GMT 2024","Tue Mar 26 01:05:16 GMT 2024","6","","com.techchallenge.restaurant.api.findfood.service.AvaliacaoServiceTest.registrarAvaliacao","","com.techchallenge.restaurant.api.findfood.service.AvaliacaoServiceTest$registrarAvaliacao","deveLancarExceptionAoTentarRegistrarAvaliacaoComPontuacaoAbaixoDe0","deveLancarExceptionAoTentarRegistrarAvaliacaoComPontuacaoAbaixoDe0()",""
"passed","Tue Mar 26 01:05:15 GMT 2024","Tue Mar 26 01:05:15 GMT 2024","41","","com.techchallenge.restaurant.api.findfood.service.AvaliacaoServiceIntegrationTest.findAll","","com.techchallenge.restaurant.api.findfood.service.AvaliacaoServiceIntegrationTest$findAll","deveRetornarTodasAsAvaliacoesComSucesso","deveRetornarTodasAsAvaliacoesComSucesso()",""
"passed","Tue Mar 26 01:05:27 GMT 2024","Tue Mar 26 01:05:27 GMT 2024","8","","com.techchallenge.restaurant.api.findfood.controller.ReservaControllerTest","","com.techchallenge.restaurant.api.findfood.controller.ReservaControllerTest","deveExcluirUmaReservaComSucesso","deveExcluirUmaReservaComSucesso()",""
"passed","Tue Mar 26 01:05:18 GMT 2024","Tue Mar 26 01:05:18 GMT 2024","42","","Testes de Atualização de Restaurante","","com.techchallenge.restaurant.api.findfood.controller.RestauranteControllerTest$atualizarRestaurante","devePermitirAtualizarRestaurantes","devePermitirAtualizarRestaurantes()",""
"passed","Tue Mar 26 01:05:25 GMT 2024","Tue Mar 26 01:05:26 GMT 2024","44","","com.techchallenge.restaurant.api.findfood.controller.AvaliacaoControllerIntegrationTest.registrarAvaliacao","","com.techchallenge.restaurant.api.findfood.controller.AvaliacaoControllerIntegrationTest$registrarAvaliacao","deveLancarExceptionQuandoTentarRegistrarAvaliacaoParaRestauranteInexistente","deveLancarExceptionQuandoTentarRegistrarAvaliacaoParaRestauranteInexistente()",""
"passed","Tue Mar 26 01:05:24 GMT 2024","Tue Mar 26 01:05:24 GMT 2024","75","","Testes de Busca de Restaurante","","com.techchallenge.restaurant.api.findfood.controller.RestauranteControllerIntegrationTest$buscarRestaurante","deveLancarExcecaoAoBuscarNomeRestauranteInexistente","deveLancarExcecaoAoBuscarNomeRestauranteInexistente()",""
"passed","Tue Mar 26 01:05:26 GMT 2024","Tue Mar 26 01:05:26 GMT 2024","51","","com.techchallenge.restaurant.api.findfood.controller.ReservaControllerIntegrationTest.reservarMesa","","com.techchallenge.restaurant.api.findfood.controller.ReservaControllerIntegrationTest$reservarMesa","deveLancarExceptionAoTentarReservarEmRestauranteInexistente","deveLancarExceptionAoTentarReservarEmRestauranteInexistente()",""
"passed","Tue Mar 26 01:05:24 GMT 2024","Tue Mar 26 01:05:24 GMT 2024","61","","Testes de Busca de Restaurante","","com.techchallenge.restaurant.api.findfood.controller.RestauranteControllerIntegrationTest$buscarRestaurante","deveLancarExcecaoAoBuscarLocalizacaoRestauranteInexistente","deveLancarExcecaoAoBuscarLocalizacaoRestauranteInexistente()",""
"passed","Tue Mar 26 01:05:15 GMT 2024","Tue Mar 26 01:05:15 GMT 2024","5","","Testes de Registro de Restaurante","","com.techchallenge.restaurant.api.findfood.service.RestauranteServiceIntegrationTest$registrarRestaurante","deveLancarExcecaoAoSalvarRestauranteComNomeVazio","deveLancarExcecaoAoSalvarRestauranteComNomeVazio()",""
"passed","Tue Mar 26 01:05:16 GMT 2024","Tue Mar 26 01:05:16 GMT 2024","5","","com.techchallenge.restaurant.api.findfood.service.ReservaServiceTest","","com.techchallenge.restaurant.api.findfood.service.ReservaServiceTest","deveLancarExceptionAoTentarReservarMesaSemLugaresDisponiveis","deveLancarExceptionAoTentarReservarMesaSemLugaresDisponiveis()",""
"passed","Tue Mar 26 01:05:18 GMT 2024","Tue Mar 26 01:05:18 GMT 2024","135","","Testes de Busca de Restaurante","","com.techchallenge.restaurant.api.findfood.controller.RestauranteControllerTest$buscarRestaurante","devePermitirBuscarRestaurantePor","devePermitirBuscarRestaurantePor()",""
"passed","Tue Mar 26 01:05:17 GMT 2024","Tue Mar 26 01:05:17 GMT 2024","3","","Testes de Atualização de Restaurante","","com.techchallenge.restaurant.api.findfood.service.RestauranteServiceTest$atualizarRestaurante","deveLancarExcecaoAoAtualizarRestauranteInexistente","deveLancarExcecaoAoAtualizarRestauranteInexistente()",""
"passed","Tue Mar 26 01:05:23 GMT 2024","Tue Mar 26 01:05:24 GMT 2024","88","","Testes de Busca de Restaurante","","com.techchallenge.restaurant.api.findfood.controller.RestauranteControllerIntegrationTest$buscarRestaurante","devePermitirBuscarTodosRestaurantes","devePermitirBuscarTodosRestaurantes()",""
"passed","Tue Mar 26 01:05:16 GMT 2024","Tue Mar 26 01:05:16 GMT 2024","8","","Testes de Busca de Restaurante","","com.techchallenge.restaurant.api.findfood.service.RestauranteServiceTest$buscarRestaurante","devePermitirBuscarRestaurantePorNome","devePermitirBuscarRestaurantePorNome()",""
"passed","Tue Mar 26 01:05:14 GMT 2024","Tue Mar 26 01:05:14 GMT 2024","92","","Testes de Exclusão de Restaurante","","com.techchallenge.restaurant.api.findfood.service.RestauranteServiceIntegrationTest$deletarRestaurante","devePermitirDeletarRestaurantes","devePermitirDeletarRestaurantes()",""
"passed","Tue Mar 26 01:05:26 GMT 2024","Tue Mar 26 01:05:26 GMT 2024","37","","com.techchallenge.restaurant.api.findfood.controller.ReservaControllerIntegrationTest.deleteById","","com.techchallenge.restaurant.api.findfood.controller.ReservaControllerIntegrationTest$deleteById","deveExcluirReservaComSucesso","deveExcluirReservaComSucesso()",""
"passed","Tue Mar 26 01:05:14 GMT 2024","Tue Mar 26 01:05:14 GMT 2024","39","","Testes de Busca de Restaurante","","com.techchallenge.restaurant.api.findfood.service.RestauranteServiceIntegrationTest$buscarRestaurante","devePermitirBuscarRestaurantePorLocalizacao","devePermitirBuscarRestaurantePorLocalizacao()",""
"passed","Tue Mar 26 01:05:16 GMT 2024","Tue Mar 26 01:05:16 GMT 2024","554","","com.techchallenge.restaurant.api.findfood.service.AvaliacaoServiceTest.findAll","","com.techchallenge.restaurant.api.findfood.service.AvaliacaoServiceTest$findAll","deveLancarExceptionAoTentarEncontrarAvalicoesEmRestauranteQueNaoExiste","deveLancarExceptionAoTentarEncontrarAvalicoesEmRestauranteQueNaoExiste()",""
"passed","Tue Mar 26 01:05:17 GMT 2024","Tue Mar 26 01:05:17 GMT 2024","5","","Testes de Atualização de Restaurante","","com.techchallenge.restaurant.api.findfood.service.RestauranteServiceTest$atualizarRestaurante","devePermitirAtualizarRestaurantes","devePermitirAtualizarRestaurantes()",""
"passed","Tue Mar 26 01:05:15 GMT 2024","Tue Mar 26 01:05:15 GMT 2024","21","","Testes de Registro de Restaurante","","com.techchallenge.restaurant.api.findfood.service.RestauranteServiceIntegrationTest$registrarRestaurante","devePermitirRegistrarRestaurante","devePermitirRegistrarRestaurante()",""
"passed","Tue Mar 26 01:05:24 GMT 2024","Tue Mar 26 01:05:25 GMT 2024","46","","Testes de Registro de Restaurante","","com.techchallenge.restaurant.api.findfood.controller.RestauranteControllerIntegrationTest$registrarRestaurante","devePermitirRegistrarRestaurante","devePermitirRegistrarRestaurante()",""
"passed","Tue Mar 26 01:05:26 GMT 2024","Tue Mar 26 01:05:26 GMT 2024","93","","com.techchallenge.restaurant.api.findfood.controller.ReservaControllerIntegrationTest.reservarMesa","","com.techchallenge.restaurant.api.findfood.controller.ReservaControllerIntegrationTest$reservarMesa","deveReservarMesaComSucesso","deveReservarMesaComSucesso()",""
"passed","Tue Mar 26 01:05:15 GMT 2024","Tue Mar 26 01:05:15 GMT 2024","19","","com.techchallenge.restaurant.api.findfood.service.AvaliacaoServiceIntegrationTest.findAll","","com.techchallenge.restaurant.api.findfood.service.AvaliacaoServiceIntegrationTest$findAll","deveLancarExceptionAoTentarEncontrarAvalicoesEmRestauranteQueNaoExiste","deveLancarExceptionAoTentarEncontrarAvalicoesEmRestauranteQueNaoExiste()",""
"passed","Tue Mar 26 01:05:24 GMT 2024","Tue Mar 26 01:05:24 GMT 2024","93","","Testes de Atualização de Restaurante","","com.techchallenge.restaurant.api.findfood.controller.RestauranteControllerIntegrationTest$atualizarRestaurante","devePermitirAtualizarRestaurantes","devePermitirAtualizarRestaurantes()",""
"passed","Tue Mar 26 01:05:17 GMT 2024","Tue Mar 26 01:05:17 GMT 2024","5","","Testes de Busca de Restaurante","","com.techchallenge.restaurant.api.findfood.service.RestauranteServiceTest$buscarRestaurante","deveLancarExcecaoAoBuscarTipoCozinhaRestauranteInexistente","deveLancarExcecaoAoBuscarTipoCozinhaRestauranteInexistente()",""
"passed","Tue Mar 26 01:05:15 GMT 2024","Tue Mar 26 01:05:15 GMT 2024","113","","com.techchallenge.restaurant.api.findfood.service.ReservaServiceIntegrationTest","","com.techchallenge.restaurant.api.findfood.service.ReservaServiceIntegrationTest","deveRetornarTodasAsReservasComSucesso","deveRetornarTodasAsReservasComSucesso()",""
"passed","Tue Mar 26 01:05:24 GMT 2024","Tue Mar 26 01:05:24 GMT 2024","92","","Testes de Busca de Restaurante","","com.techchallenge.restaurant.api.findfood.controller.RestauranteControllerIntegrationTest$buscarRestaurante","deveLancarExcecaoAoBuscarTodosRestaurantes","deveLancarExcecaoAoBuscarTodosRestaurantes()",""
"passed","Tue Mar 26 01:05:16 GMT 2024","Tue Mar 26 01:05:16 GMT 2024","4","","Testes de Busca de Restaurante","","com.techchallenge.restaurant.api.findfood.service.RestauranteServiceTest$buscarRestaurante","devePermitirBuscarRestaurantePorLocalizacao","devePermitirBuscarRestaurantePorLocalizacao()",""
"passed","Tue Mar 26 01:05:26 GMT 2024","Tue Mar 26 01:05:26 GMT 2024","46","","com.techchallenge.restaurant.api.findfood.controller.AvaliacaoControllerIntegrationTest.registrarAvaliacao","","com.techchallenge.restaurant.api.findfood.controller.AvaliacaoControllerIntegrationTest$registrarAvaliacao","deveLancarExceptionQuandoTentarRegistrarAvaliacaoComPontuacaoMaiorQue5","deveLancarExceptionQuandoTentarRegistrarAvaliacaoComPontuacaoMaiorQue5()",""
"passed","Tue Mar 26 01:05:23 GMT 2024","Tue Mar 26 01:05:23 GMT 2024","83","","Testes de Busca de Restaurante","","com.techchallenge.restaurant.api.findfood.controller.RestauranteControllerIntegrationTest$buscarRestaurante","devePermitirBuscarRestaurantePorTipoCozinha","devePermitirBuscarRestaurantePorTipoCozinha()",""
"passed","Tue Mar 26 01:05:26 GMT 2024","Tue Mar 26 01:05:26 GMT 2024","42","","com.techchallenge.restaurant.api.findfood.controller.ReservaControllerIntegrationTest.findAll","","com.techchallenge.restaurant.api.findfood.controller.ReservaControllerIntegrationTest$findAll","deveRetornarTodasAsReservasComSucesso","deveRetornarTodasAsReservasComSucesso()",""
"passed","Tue Mar 26 01:05:14 GMT 2024","Tue Mar 26 01:05:15 GMT 2024","44","","Testes de Atualização de Restaurante","","com.techchallenge.restaurant.api.findfood.service.RestauranteServiceIntegrationTest$atualizarRestaurante","devePermitirAtualizarRestaurantes","devePermitirAtualizarRestaurantes()",""
"passed","Tue Mar 26 01:05:23 GMT 2024","Tue Mar 26 01:05:23 GMT 2024","92","","Testes de Busca de Restaurante","","com.techchallenge.restaurant.api.findfood.controller.RestauranteControllerIntegrationTest$buscarRestaurante","devePermitirBuscarRestaurantePorLocalizacao","devePermitirBuscarRestaurantePorLocalizacao()",""
"passed","Tue Mar 26 01:05:25 GMT 2024","Tue Mar 26 01:05:25 GMT 2024","54","","com.techchallenge.restaurant.api.findfood.controller.AvaliacaoControllerIntegrationTest.findAll","","com.techchallenge.restaurant.api.findfood.controller.AvaliacaoControllerIntegrationTest$findAll","deveLancarExceptionQuandoNaoEncontrarRestaurante","deveLancarExceptionQuandoNaoEncontrarRestaurante()",""
"passed","Tue Mar 26 01:05:14 GMT 2024","Tue Mar 26 01:05:14 GMT 2024","54","","Testes de Busca de Restaurante","","com.techchallenge.restaurant.api.findfood.service.RestauranteServiceIntegrationTest$buscarRestaurante","deveLancarExcecaoAoBuscarTodosRestaurantes","deveLancarExcecaoAoBuscarTodosRestaurantes()",""
"passed","Tue Mar 26 01:05:24 GMT 2024","Tue Mar 26 01:05:24 GMT 2024","142","","Testes de Exclusão de Restaurante","","com.techchallenge.restaurant.api.findfood.controller.RestauranteControllerIntegrationTest$deletarRestaurante","devePermitirDeletarRestaurantes","devePermitirDeletarRestaurantes()",""
"passed","Tue Mar 26 01:05:15 GMT 2024","Tue Mar 26 01:05:15 GMT 2024","18","","com.techchallenge.restaurant.api.findfood.service.ReservaServiceIntegrationTest","","com.techchallenge.restaurant.api.findfood.service.ReservaServiceIntegrationTest","deveLancarExceptionAoTentarReservarMesaComRestauranteNaoEncontrado","deveLancarExceptionAoTentarReservarMesaComRestauranteNaoEncontrado()",""
"passed","Tue Mar 26 01:05:15 GMT 2024","Tue Mar 26 01:05:15 GMT 2024","21","","Testes de Atualização de Restaurante","","com.techchallenge.restaurant.api.findfood.service.RestauranteServiceIntegrationTest$atualizarRestaurante","deveLancarExcecaoAoAtualizarRestauranteInexistente","deveLancarExcecaoAoAtualizarRestauranteInexistente()",""
"passed","Tue Mar 26 01:05:16 GMT 2024","Tue Mar 26 01:05:16 GMT 2024","7","","com.techchallenge.restaurant.api.findfood.service.AvaliacaoServiceTest.registrarAvaliacao","","com.techchallenge.restaurant.api.findfood.service.AvaliacaoServiceTest$registrarAvaliacao","deveLancarExceptionAoTentarRegistrarAvaliacaoComRestauranteNaoEncontrado","deveLancarExceptionAoTentarRegistrarAvaliacaoComRestauranteNaoEncontrado()",""
"passed","Tue Mar 26 01:05:24 GMT 2024","Tue Mar 26 01:05:24 GMT 2024","62","","Testes de Exclusão de Restaurante","","com.techchallenge.restaurant.api.findfood.controller.RestauranteControllerIntegrationTest$deletarRestaurante","deveLancarExcecaoAoDeletarRestauranteInexistente","deveLancarExcecaoAoDeletarRestauranteInexistente()",""
"passed","Tue Mar 26 01:05:25 GMT 2024","Tue Mar 26 01:05:25 GMT 2024","44","","Testes de Registro de Restaurante","","com.techchallenge.restaurant.api.findfood.controller.RestauranteControllerIntegrationTest$registrarRestaurante","deveLancarExcecaoAoSalvarRestauranteComNomeVazio","deveLancarExcecaoAoSalvarRestauranteComNomeVazio()",""
"passed","Tue Mar 26 01:05:24 GMT 2024","Tue Mar 26 01:05:24 GMT 2024","99","","Testes de Atualização de Restaurante","","com.techchallenge.restaurant.api.findfood.controller.RestauranteControllerIntegrationTest$atualizarRestaurante","deveLancarExcecaoAoAtualizarRestauranteInexistente","deveLancarExcecaoAoAtualizarRestauranteInexistente()",""
"passed","Tue Mar 26 01:05:17 GMT 2024","Tue Mar 26 01:05:17 GMT 2024","6","","Testes de Exclusão de Restaurante","","com.techchallenge.restaurant.api.findfood.service.RestauranteServiceTest$deletarRestaurante","devePermitirDeletarRestaurantes","devePermitirDeletarRestaurantes()",""
"passed","Tue Mar 26 01:05:15 GMT 2024","Tue Mar 26 01:05:15 GMT 2024","29","","com.techchallenge.restaurant.api.findfood.service.ReservaServiceIntegrationTest","","com.techchallenge.restaurant.api.findfood.service.ReservaServiceIntegrationTest","deveLancarExceptionAoTentarReservarMesaComRestauranteSemHorarioDisponivel","deveLancarExceptionAoTentarReservarMesaComRestauranteSemHorarioDisponivel()",""
"passed","Tue Mar 26 01:05:25 GMT 2024","Tue Mar 26 01:05:25 GMT 2024","45","","com.techchallenge.restaurant.api.findfood.controller.AvaliacaoControllerIntegrationTest.registrarAvaliacao","","com.techchallenge.restaurant.api.findfood.controller.AvaliacaoControllerIntegrationTest$registrarAvaliacao","deveLancarExceptionQuandoTentarRegistrarAvaliacaoComPontuacaoMenorQue0","deveLancarExceptionQuandoTentarRegistrarAvaliacaoComPontuacaoMenorQue0()",""
"passed","Tue Mar 26 01:05:16 GMT 2024","Tue Mar 26 01:05:16 GMT 2024","18","","com.techchallenge.restaurant.api.findfood.service.AvaliacaoServiceIntegrationTest.registrarAvaliacao","","com.techchallenge.restaurant.api.findfood.service.AvaliacaoServiceIntegrationTest$registrarAvaliacao","deveLancarExceptionAoTentarRegistrarAvaliacaoComPontuacaoAcimaDe5","deveLancarExceptionAoTentarRegistrarAvaliacaoComPontuacaoAcimaDe5()",""
"passed","Tue Mar 26 01:05:22 GMT 2024","Tue Mar 26 01:05:23 GMT 2024","1608","","Testes de Busca de Restaurante","","com.techchallenge.restaurant.api.findfood.controller.RestauranteControllerIntegrationTest$buscarRestaurante","devePermitirBuscarRestaurantePorNome","devePermitirBuscarRestaurantePorNome()",""
"passed","Tue Mar 26 01:05:16 GMT 2024","Tue Mar 26 01:05:16 GMT 2024","103","","com.techchallenge.restaurant.api.findfood.service.ReservaServiceTest","","com.techchallenge.restaurant.api.findfood.service.ReservaServiceTest","deveLancarExceptionAoTentarReservarMesaComRestauranteNaoEncontrado","deveLancarExceptionAoTentarReservarMesaComRestauranteNaoEncontrado()",""
"passed","Tue Mar 26 01:05:14 GMT 2024","Tue Mar 26 01:05:14 GMT 2024","46","","Testes de Busca de Restaurante","","com.techchallenge.restaurant.api.findfood.service.RestauranteServiceIntegrationTest$buscarRestaurante","devePermitirBuscarTodosRestaurantes","devePermitirBuscarTodosRestaurantes()",""
